City_ID,City,Country,Date,Lat,Lng,Max Temp,Humidity,Cloudiness,Wind Speed,Current Description,Rain inches (last 3hrs),Snow inches (last 3hrs)
0,Georgetown,MY,2022-04-01 17:23:58,5.4112,100.3354,80.53,88,20,3.44,few clouds,0.0,0.0
1,Laguna De Perlas,NI,2022-04-01 17:23:59,12.3429,-83.6712,86.09,70,75,11.45,broken clouds,0.0,0.0
2,Ushuaia,AR,2022-04-01 17:22:42,-54.8,-68.3,46.02,87,75,19.57,broken clouds,0.0,0.0
3,Port Elizabeth,ZA,2022-04-01 17:23:59,-33.918,25.5701,66.09,78,0,14.97,clear sky,0.0,0.0
4,Pacific Grove,US,2022-04-01 17:24:00,36.6177,-121.9166,56.55,86,40,5.01,scattered clouds,0.0,0.0
5,Atuona,PF,2022-04-01 17:22:50,-9.8,-139.0333,78.21,73,48,5.91,scattered clouds,0.0,0.0
6,Barrow,US,2022-04-01 17:24:00,71.2906,-156.7887,-11.18,70,0,18.41,clear sky,0.0,0.0
7,San Patricio,US,2022-04-01 17:24:01,28.017,-97.5169,80.69,41,76,16.6,broken clouds,0.0,0.0
8,Coatepec,MX,2022-04-01 17:24:01,19.45,-96.9667,80.37,47,35,7.4,scattered clouds,0.0,0.0
9,Hithadhoo,MV,2022-04-01 17:24:02,-0.6,73.0833,83.55,71,9,7.52,clear sky,0.0,0.0
10,Kapaa,US,2022-04-01 17:24:03,22.0752,-159.319,73.18,87,40,17.27,scattered clouds,0.0,0.0
11,Codrington,AU,2022-04-01 17:24:03,-38.2667,141.9667,55.26,76,92,8.39,overcast clouds,0.0,0.0
12,Busselton,AU,2022-04-01 17:24:04,-33.65,115.3333,69.58,81,65,5.99,broken clouds,0.0,0.0
13,Mataura,NZ,2022-04-01 17:22:53,-46.1927,168.8643,39.07,99,6,1.7,clear sky,0.0,0.0
14,New Norfolk,AU,2022-04-01 17:24:04,-42.7826,147.0587,53.1,72,100,1.99,overcast clouds,0.0,0.0
15,Kodiak,US,2022-04-01 17:24:05,57.79,-152.4072,36.91,100,100,11.5,light rain,0.0,0.0
16,Akyab,MM,2022-04-01 17:24:05,20.15,92.9,78.96,85,19,4.05,few clouds,0.0,0.0
17,Hambantota,LK,2022-04-01 17:24:06,6.1241,81.1185,80.22,80,14,7.14,few clouds,0.0,0.0
18,Mahibadhoo,MV,2022-04-01 17:24:06,3.7833,72.9667,83.95,65,7,1.63,clear sky,0.0,0.0
19,Svetlogorsk,BY,2022-04-01 17:24:07,52.6333,29.7333,33.93,97,100,14.92,overcast clouds,0.0,0.0
20,Tuktoyaktuk,CA,2022-04-01 17:24:07,69.4541,-133.0374,-23.8,69,0,5.75,clear sky,0.0,0.0
21,Chuy,UY,2022-04-01 17:23:59,-33.6971,-53.4616,66.24,45,26,9.33,scattered clouds,0.0,0.0
22,Orahovac,XK,2022-04-01 17:24:08,42.3994,20.6547,55.26,85,94,7.49,overcast clouds,0.0,0.0
23,San Quintin,MX,2022-04-01 17:24:09,30.4833,-115.95,61.34,60,53,4.68,broken clouds,0.0,0.0
24,Chara,RU,2022-04-01 17:24:09,56.9064,118.2631,15.3,77,100,2.06,overcast clouds,0.0,0.0
25,Nanortalik,GL,2022-04-01 17:24:10,60.1432,-45.2371,41.25,75,66,6.11,broken clouds,0.0,0.0
26,North Bend,US,2022-04-01 17:22:15,43.4065,-124.2243,51.17,93,0,0.0,clear sky,0.0,0.0
27,Teknaf,BD,2022-04-01 17:24:12,20.8624,92.3058,76.41,87,7,2.51,clear sky,0.0,0.0
28,Victoria,HK,2022-04-01 17:22:44,22.2855,114.1577,62.33,84,100,7.0,overcast clouds,0.0,0.0
29,Katsuura,JP,2022-04-01 17:24:12,35.1333,140.3,44.83,59,99,11.05,overcast clouds,0.0,0.0
30,Jalingo,NG,2022-04-01 17:24:13,8.8833,11.3667,98.71,8,97,4.81,overcast clouds,0.0,0.0
31,Puerto Madryn,AR,2022-04-01 17:20:57,-42.7692,-65.0385,77.2,15,93,18.45,overcast clouds,0.0,0.0
32,Sao Francisco De Assis,BR,2022-04-01 17:21:55,-29.5503,-55.1311,68.77,41,0,12.26,clear sky,0.0,0.0
33,Yellowknife,CA,2022-04-01 17:22:38,62.456,-114.3525,-7.58,66,40,10.36,scattered clouds,0.0,0.0
34,Ribeira Grande,PT,2022-04-01 17:24:14,38.5167,-28.7,61.2,82,75,20.71,broken clouds,0.0,0.0
35,Marondera,ZW,2022-04-01 17:24:14,-18.1853,31.5519,62.71,75,100,4.38,light rain,0.0,0.0
36,Luderitz,NA,2022-04-01 17:24:14,-26.6481,15.1594,68.7,56,0,26.26,clear sky,0.0,0.0
37,Rikitea,PF,2022-04-01 17:24:15,-23.1203,-134.9692,76.14,59,81,16.96,broken clouds,0.0,0.0
38,Kemijarvi,FI,2022-04-01 17:24:15,66.7131,27.4306,20.25,87,100,3.51,overcast clouds,0.0,0.0
39,Motygino,RU,2022-04-01 17:24:16,58.1831,94.7592,22.59,98,100,2.46,overcast clouds,0.0,0.0
40,Ilulissat,GL,2022-04-01 17:24:17,69.2167,-51.1,26.62,74,20,3.44,few clouds,0.0,0.0
41,Arraial Do Cabo,BR,2022-04-01 17:24:17,-22.9661,-42.0278,78.76,83,75,11.5,broken clouds,0.0,0.0
42,Alvdal,NO,2022-04-01 17:24:18,62.1077,10.6307,23.9,80,94,3.58,overcast clouds,0.0,0.0
43,Punta Arenas,CL,2022-04-01 17:24:18,-53.15,-70.9167,48.22,76,75,23.02,light intensity shower rain,0.0,0.0
44,Chingirlau,KZ,2022-04-01 17:24:19,51.095,54.0814,50.07,74,100,12.24,overcast clouds,0.0,0.0
45,Butaritari,KI,2022-04-01 17:24:20,3.0707,172.7902,80.98,78,79,19.51,light rain,0.0,0.0
46,Airai,TL,2022-04-01 17:22:17,-8.9266,125.4092,57.42,85,82,1.99,broken clouds,0.0,0.0
47,Aklavik,CA,2022-04-01 17:24:20,68.2191,-135.0107,-20.2,76,0,2.3,clear sky,0.0,0.0
48,Qaanaaq,GL,2022-04-01 17:22:45,77.484,-69.3632,19.99,93,100,5.95,overcast clouds,0.0,0.0
49,Albany,US,2022-04-01 17:23:46,42.6001,-73.9662,46.63,81,97,4.0,light rain,0.0,0.0
50,Trelew,AR,2022-04-01 17:24:21,-43.249,-65.3051,79.88,10,87,19.24,overcast clouds,0.0,0.0
51,Hilo,US,2022-04-01 17:24:21,19.7297,-155.09,73.62,92,0,0.0,clear sky,0.0,0.0
52,Russell,US,2022-04-01 17:24:22,32.3502,-85.1999,69.08,41,0,10.36,clear sky,0.0,0.0
53,Coihaique,CL,2022-04-01 17:24:22,-45.5752,-72.0662,62.55,45,40,9.22,scattered clouds,0.0,0.0
54,Avarua,CK,2022-04-01 17:24:23,-21.2078,-159.775,73.45,94,43,1.14,scattered clouds,0.0,0.0
55,Tiksi,RU,2022-04-01 17:24:23,71.6872,128.8694,15.12,93,100,6.13,overcast clouds,0.0,0.0
56,Carballo,ES,2022-04-01 17:24:24,43.213,-8.691,53.01,63,67,10.31,broken clouds,0.0,0.0
57,Chokurdakh,RU,2022-04-01 17:24:24,70.6333,147.9167,-26.41,100,12,3.29,few clouds,0.0,0.0
58,Sawtell,AU,2022-04-01 17:24:25,-30.3833,153.1,60.19,94,100,5.75,overcast clouds,0.0,0.0
59,Bengkulu,ID,2022-04-01 17:23:35,-3.8004,102.2655,76.59,82,77,4.52,broken clouds,0.0,0.0
60,Bredasdorp,ZA,2022-04-01 17:24:25,-34.5322,20.0403,64.06,74,31,12.77,light rain,0.0,0.0
61,Mordovo,RU,2022-04-01 17:24:26,52.0834,40.77,42.71,92,100,9.19,light rain,0.0,0.0
62,Severnoye,RU,2022-04-01 17:24:26,56.3491,78.3619,32.54,97,100,13.4,light snow,0.0,0.0
63,Hobart,AU,2022-04-01 17:19:41,-42.8794,147.3294,53.46,89,100,8.05,overcast clouds,0.0,0.0
64,Havre-Saint-Pierre,CA,2022-04-01 17:24:27,50.2334,-63.5986,32.36,100,100,19.57,mist,0.0,0.0
65,Necochea,AR,2022-04-01 17:24:27,-38.5473,-58.7368,67.48,37,19,9.17,few clouds,0.0,0.0
66,Olafsvik,IS,2022-04-01 17:24:29,64.8945,-23.7142,40.91,90,100,7.61,overcast clouds,0.0,0.0
67,Laguna,US,2022-04-01 17:24:29,38.421,-121.4238,66.97,66,0,8.05,clear sky,0.0,0.0
68,Taoudenni,ML,2022-04-01 17:21:11,22.6783,-3.9836,93.4,4,98,2.82,overcast clouds,0.0,0.0
69,Vestmannaeyjar,IS,2022-04-01 17:24:30,63.4427,-20.2734,47.39,76,40,4.61,scattered clouds,0.0,0.0
70,Acari,PE,2022-04-01 17:23:12,-15.4311,-74.6158,80.33,52,80,10.71,broken clouds,0.0,0.0
71,Puerto Ayora,EC,2022-04-01 17:22:30,-0.7393,-90.3518,84.16,89,44,5.99,scattered clouds,0.0,0.0
72,Sinnamary,GF,2022-04-01 17:24:31,5.3833,-52.95,76.17,94,100,10.78,moderate rain,0.0,0.0
73,Sitka,US,2022-04-01 17:24:31,57.0531,-135.33,40.89,81,100,4.61,light rain,0.0,0.0
74,Yulara,AU,2022-04-01 17:24:32,-25.2406,130.9889,60.51,33,100,9.31,overcast clouds,0.0,0.0
75,Nikolskoye,RU,2022-04-01 17:24:32,59.7035,30.7861,30.7,93,75,3.58,broken clouds,0.0,0.0
76,Thanatpin,MM,2022-04-01 17:24:33,17.2119,96.3033,84.38,53,35,7.23,scattered clouds,0.0,0.0
77,Balykshi,KZ,2022-04-01 17:24:34,47.0667,51.8667,46.4,66,0,6.71,clear sky,0.0,0.0
78,Peniche,PT,2022-04-01 17:22:22,39.3558,-9.3811,59.07,60,42,20.07,scattered clouds,0.0,0.0
79,Olinda,BR,2022-04-01 17:24:34,-8.0089,-34.8553,85.73,70,40,11.5,scattered clouds,0.0,0.0
80,Sheridan,US,2022-04-01 17:24:34,44.8333,-106.9173,44.98,33,0,18.41,clear sky,0.0,0.0
81,Kavieng,PG,2022-04-01 17:24:35,-2.5744,150.7967,81.63,78,100,9.89,light rain,0.0,0.0
82,Sao Miguel Do Araguaia,BR,2022-04-01 17:24:36,-13.275,-50.1628,86.27,58,28,3.49,scattered clouds,0.0,0.0
83,Umm Lajj,SA,2022-04-01 17:24:36,25.0213,37.2685,80.24,48,21,9.57,few clouds,0.0,0.0
84,Hermanus,ZA,2022-04-01 17:24:37,-34.4187,19.2345,63.81,77,9,17.65,clear sky,0.0,0.0
85,Opuwo,NA,2022-04-01 17:24:39,-18.0607,13.84,80.26,49,100,4.85,overcast clouds,0.0,0.0
86,Barra,BR,2022-04-01 17:24:39,-11.0894,-43.1417,93.45,30,28,5.28,scattered clouds,0.0,0.0
87,Nsanje,MW,2022-04-01 17:24:40,-16.92,35.262,74.43,96,17,3.49,few clouds,0.0,0.0
88,Vaini,TO,2022-04-01 17:24:41,-21.2,-175.2,75.36,94,40,2.3,scattered clouds,0.0,0.0
89,Roald,NO,2022-04-01 17:24:41,62.5833,6.1333,42.1,52,21,3.44,few clouds,0.0,0.0
90,Bluff,NZ,2022-04-01 17:24:42,-46.6,168.3333,51.12,72,9,10.4,clear sky,0.0,0.0
91,Jamestown,US,2022-04-01 17:24:42,42.097,-79.2353,34.02,70,100,19.57,overcast clouds,0.0,0.0
92,Tigil,RU,2022-04-01 17:24:43,57.8,158.6667,13.44,96,100,3.42,light snow,0.0,0.0
93,Ambilobe,MG,2022-04-01 17:24:44,-13.2,49.05,75.07,91,96,2.68,light rain,0.0,0.0
94,Karakol,KG,2022-04-01 17:24:44,42.4907,78.3936,39.04,50,18,5.28,few clouds,0.0,0.0
95,Thunder Bay,CA,2022-04-01 17:20:35,48.4001,-89.3168,33.78,40,66,2.3,broken clouds,0.0,0.0
96,Upernavik,GL,2022-04-01 17:24:45,72.7868,-56.1549,12.78,92,86,5.68,overcast clouds,0.0,0.0
97,Perehonivka,UA,2022-04-01 17:24:46,48.5355,30.5192,64.22,50,100,13.65,overcast clouds,0.0,0.0
98,Angoche,MZ,2022-04-01 17:24:46,-16.2325,39.9086,79.16,75,4,6.2,clear sky,0.0,0.0
99,Sabratah,LY,2022-04-01 17:24:47,32.7933,12.4885,70.74,43,24,9.22,few clouds,0.0,0.0
100,Isangel,VU,2022-04-01 17:24:48,-19.55,169.2667,79.84,88,70,6.15,broken clouds,0.0,0.0
101,Cherskiy,RU,2022-04-01 17:24:49,68.75,161.3,-28.21,100,95,2.75,overcast clouds,0.0,0.0
102,Port Alfred,ZA,2022-04-01 17:24:51,-33.5906,26.891,62.19,95,100,1.99,light rain,0.0,0.0
103,Provideniya,RU,2022-04-01 17:24:51,64.3833,-173.3,19.69,92,100,10.27,overcast clouds,0.0,0.0
104,Krasnoselkup,RU,2022-04-01 17:24:52,65.7,82.4667,12.18,94,100,10.51,overcast clouds,0.0,0.0
105,Cabo San Lucas,MX,2022-04-01 17:23:54,22.8909,-109.9124,83.61,35,20,9.22,few clouds,0.0,0.0
106,Saskylakh,RU,2022-04-01 17:24:53,71.9167,114.0833,0.54,98,98,5.66,overcast clouds,0.0,0.0
107,Mar Del Plata,AR,2022-04-01 17:24:53,-38.0023,-57.5575,68.02,56,0,10.36,clear sky,0.0,0.0
108,Cape Town,ZA,2022-04-01 17:21:56,-33.9258,18.4232,66.11,78,20,23.02,few clouds,0.0,0.0
109,Mana,GF,2022-04-01 17:24:54,5.6592,-53.7767,79.23,86,98,8.5,overcast clouds,0.0,0.0
110,Sao Filipe,CV,2022-04-01 17:22:47,14.8961,-24.4956,71.73,78,26,14.45,scattered clouds,0.0,0.0
111,Mahebourg,MU,2022-04-01 17:24:55,-20.4081,57.7,77.29,94,75,17.27,light intensity shower rain,0.0,0.0
112,Namatanai,PG,2022-04-01 17:23:12,-3.6667,152.4333,79.23,83,100,5.84,moderate rain,0.0,0.0
113,Norman Wells,CA,2022-04-01 17:20:22,65.282,-126.8329,-21.96,69,20,2.3,few clouds,0.0,0.0
114,Severo-Kurilsk,RU,2022-04-01 17:24:55,50.6789,156.125,27.19,63,85,21.63,overcast clouds,0.0,0.0
115,Otukpo,NG,2022-04-01 17:24:56,7.1913,8.1329,100.31,21,95,4.52,overcast clouds,0.0,0.0
116,Tambopata,PE,2022-04-01 17:24:57,-12.7333,-69.1833,71.49,56,0,10.36,clear sky,0.0,0.0
117,Sangar,RU,2022-04-01 17:24:57,63.9242,127.4739,16.3,92,100,16.73,light snow,0.0,0.0
118,Praia,CV,2022-04-01 17:24:59,14.9215,-23.5087,81.14,57,0,6.91,clear sky,0.0,0.0
119,Mingguang,CN,2022-04-01 17:24:59,32.7802,117.9638,44.46,65,97,5.73,overcast clouds,0.0,0.0
120,Dikson,RU,2022-04-01 17:25:00,73.5069,80.5464,1.44,93,100,7.78,overcast clouds,0.0,0.0
121,Sur,OM,2022-04-01 17:25:01,22.5667,59.5289,81.77,41,0,0.81,clear sky,0.0,0.0
122,Huangpi,CN,2022-04-01 17:25:01,30.8845,114.3779,53.71,58,0,4.47,clear sky,0.0,0.0
123,Naze,JP,2022-04-01 17:21:21,28.3667,129.4833,61.72,71,100,15.39,overcast clouds,0.0,0.0
124,Doka,SD,2022-04-01 17:25:02,13.5167,35.7667,96.21,10,5,8.23,clear sky,0.0,0.0
125,Barentu,ER,2022-04-01 17:25:02,15.1139,37.5928,85.86,22,18,12.62,few clouds,0.0,0.0
126,Begoro,GH,2022-04-01 17:25:03,6.3871,-0.3774,79.32,76,100,7.07,moderate rain,0.0,0.0
127,Camocim,BR,2022-04-01 17:25:03,-2.9022,-40.8411,80.51,78,99,5.95,overcast clouds,0.0,0.0
128,Saldanha,ZA,2022-04-01 17:25:04,-33.0117,17.9442,66.25,78,68,25.64,broken clouds,0.0,0.0
129,Yerbogachen,RU,2022-04-01 17:25:04,61.2767,108.0108,20.82,94,100,11.45,light snow,0.0,0.0
130,Shingu,JP,2022-04-01 17:25:05,33.7333,135.9833,40.17,68,96,4.74,overcast clouds,0.0,0.0
131,Cheyenne,US,2022-04-01 17:25:05,41.14,-104.8203,43.77,63,75,20.0,broken clouds,0.0,0.0
132,Chumikan,RU,2022-04-01 17:25:05,54.7183,135.315,10.24,89,10,11.41,clear sky,0.0,0.0
133,Fortuna,US,2022-04-01 17:22:19,40.5982,-124.1573,53.92,82,40,8.05,scattered clouds,0.0,0.0
134,Husavik,IS,2022-04-01 17:25:06,66.0449,-17.3389,37.74,86,73,5.14,broken clouds,0.0,0.0
135,Boca Do Acre,BR,2022-04-01 17:25:06,-8.7522,-67.3978,68.67,81,100,5.95,overcast clouds,0.0,0.0
136,Kuching,MY,2022-04-01 17:25:07,1.55,110.3333,77.22,94,20,1.99,few clouds,0.0,0.0
137,Hanstholm,DK,2022-04-01 17:25:07,57.1167,8.6167,37.62,50,0,11.92,clear sky,0.0,0.0
138,Kautokeino,NO,2022-04-01 17:25:08,69.0125,23.0412,20.57,81,100,11.27,overcast clouds,0.0,0.0
139,Narsaq,GL,2022-04-01 17:25:08,60.9167,-46.05,52.02,52,83,12.95,broken clouds,0.0,0.0
140,Mandalgovi,MN,2022-04-01 17:25:09,45.7625,106.2708,32.95,38,75,10.09,broken clouds,0.0,0.0
141,Ponta Do Sol,PT,2022-04-01 17:25:09,32.6667,-17.1,66.0,80,94,2.51,overcast clouds,0.0,0.0
142,Port-Cartier,CA,2022-04-01 17:25:10,50.0334,-66.8654,32.22,97,100,16.17,light snow,0.0,0.0
143,Dunedin,NZ,2022-04-01 17:23:19,-45.8742,170.5036,49.8,86,0,5.48,clear sky,0.0,0.0
144,Khatanga,RU,2022-04-01 17:25:10,71.9667,102.5,2.16,97,99,6.08,overcast clouds,0.0,0.0
145,Carnarvon,AU,2022-04-01 17:25:11,-24.8667,113.6333,75.27,94,100,9.22,overcast clouds,0.0,0.0
146,Joao Pinheiro,BR,2022-04-01 17:25:11,-17.7425,-46.1725,88.34,33,23,4.97,few clouds,0.0,0.0
147,Saint-Philippe,RE,2022-04-01 17:25:11,-21.3585,55.7679,76.59,89,100,19.64,moderate rain,0.0,0.0
148,Ciudad Bolivar,VE,2022-04-01 17:25:12,8.1222,-63.5497,96.17,32,18,10.67,few clouds,0.0,0.0
149,Coquimbo,CL,2022-04-01 17:23:21,-29.9533,-71.3436,56.93,88,100,9.22,overcast clouds,0.0,0.0
150,Ancud,CL,2022-04-01 17:25:12,-41.8697,-73.8203,57.6,75,27,4.32,scattered clouds,0.0,0.0
151,Sokur,RU,2022-04-01 17:25:13,55.2093,83.319,34.16,92,98,12.15,overcast clouds,0.0,0.0
152,Klyuchi,RU,2022-04-01 17:25:14,52.2667,79.1667,33.51,89,100,6.22,overcast clouds,0.0,0.0
153,Hervey Bay,AU,2022-04-01 17:25:15,-25.2986,152.8535,68.02,89,3,8.99,clear sky,0.0,0.0
154,Linxia,CN,2022-04-01 17:25:15,35.6003,103.2064,40.35,35,52,0.92,broken clouds,0.0,0.0
155,Nueva Germania,PY,2022-04-01 17:24:14,-23.9,-56.5667,70.9,36,89,3.78,overcast clouds,0.0,0.0
156,Isabela,PH,2022-04-01 17:25:17,6.7085,121.9711,79.84,84,97,0.96,overcast clouds,0.0,0.0
157,Gao,ML,2022-04-01 17:25:17,16.6362,1.637,101.32,2,99,7.67,overcast clouds,0.0,0.0
158,Kiryas Joel,US,2022-04-01 17:25:03,41.342,-74.1679,54.01,85,100,11.59,overcast clouds,0.0,0.0
159,Bambous Virieux,MU,2022-04-01 17:25:18,-20.3428,57.7575,77.25,94,75,17.27,light intensity shower rain,0.0,0.0
160,Cairns,AU,2022-04-01 17:25:18,-16.9167,145.7667,74.07,94,75,0.0,broken clouds,0.0,0.0
161,Constitucion,CL,2022-04-01 17:25:18,-35.3333,-72.4167,66.33,48,7,14.29,clear sky,0.0,0.0
162,Port Hardy,CA,2022-04-01 17:25:19,50.6996,-127.4199,44.78,76,75,0.0,broken clouds,0.0,0.0
163,Acapulco,MX,2022-04-01 17:21:44,16.8634,-99.8901,81.54,49,24,5.37,few clouds,0.0,0.0
164,Araouane,ML,2022-04-01 17:25:20,18.9048,-3.5265,93.79,8,100,7.92,overcast clouds,0.0,0.0
165,Gizo,SB,2022-04-01 17:25:20,-8.103,156.8419,82.15,76,100,10.65,light rain,0.0,0.0
166,Manokwari,ID,2022-04-01 17:25:20,-0.8667,134.0833,78.53,80,100,5.12,overcast clouds,0.0,0.0
167,Nhulunbuy,AU,2022-04-01 17:25:21,-12.2333,136.7667,77.61,88,1,0.0,clear sky,0.0,0.0
168,Margate,GB,2022-04-01 17:25:21,51.3813,1.3862,43.3,58,95,13.0,overcast clouds,0.0,0.0
169,Geraldton,AU,2022-04-01 17:25:22,-28.7667,114.6,75.61,73,100,8.05,overcast clouds,0.0,0.0
170,Sarkand,KZ,2022-04-01 17:25:22,45.41,79.9186,51.89,44,100,6.15,overcast clouds,0.0,0.0
171,Nova Vicosa,BR,2022-04-01 17:23:40,-17.8919,-39.3719,83.95,64,9,9.08,clear sky,0.0,0.0
172,Chauk,MM,2022-04-01 17:25:23,20.8833,94.8167,85.96,54,18,8.08,few clouds,0.0,0.0
173,Igarka,RU,2022-04-01 17:25:23,67.4667,86.5833,14.29,94,100,8.52,overcast clouds,0.0,0.0
174,Udachnyy,RU,2022-04-01 17:25:24,66.4167,112.4,14.45,72,100,8.84,overcast clouds,0.0,0.0
175,Hobyo,SO,2022-04-01 17:25:24,5.3505,48.5268,82.38,71,11,13.15,few clouds,0.0,0.0
176,Mehamn,NO,2022-04-01 17:25:24,71.0357,27.8492,28.31,88,100,12.28,light snow,0.0,0.0
177,Oistins,BB,2022-04-01 17:24:11,13.0667,-59.5333,86.09,58,20,21.85,few clouds,0.0,0.0
178,Machiques,VE,2022-04-01 17:25:25,10.0644,-72.545,91.69,46,54,3.8,broken clouds,0.0,0.0
179,Bubaque,GW,2022-04-01 17:25:26,11.2833,-15.8333,75.47,73,11,16.13,few clouds,0.0,0.0
180,Port Hueneme,US,2022-04-01 17:25:26,34.1478,-119.1951,68.09,79,0,5.75,haze,0.0,0.0
181,Castro,BR,2022-04-01 17:25:27,-24.7911,-50.0119,56.1,97,100,5.48,overcast clouds,0.0,0.0
182,College,US,2022-04-01 17:25:28,64.8569,-147.8028,12.52,45,0,9.22,clear sky,0.0,0.0
183,Saint-Pierre,RE,2022-04-01 17:25:28,-21.3393,55.4781,76.68,88,75,10.36,light rain,0.0,0.0
184,Vostok,RU,2022-04-01 17:25:29,46.4856,135.8833,9.07,93,39,6.24,scattered clouds,0.0,0.0
185,Guerrero Negro,MX,2022-04-01 17:25:29,27.9769,-114.0611,63.07,60,29,13.85,scattered clouds,0.0,0.0
186,Carutapera,BR,2022-04-01 17:25:30,-1.195,-46.02,74.34,97,100,3.96,overcast clouds,0.0,0.0
187,Padang,ID,2022-04-01 17:25:30,-0.9492,100.3543,76.21,78,1,3.96,clear sky,0.0,0.0
188,Vermilion,US,2022-04-01 17:21:41,40.1667,-87.7506,42.57,62,100,11.5,overcast clouds,0.0,0.0
189,Dingle,PH,2022-04-01 17:25:31,10.9995,122.6711,75.7,90,87,8.21,overcast clouds,0.0,0.0
190,Yenagoa,NG,2022-04-01 17:25:31,4.9247,6.2642,83.75,75,100,7.78,light rain,0.0,0.0
191,Evensk,RU,2022-04-01 17:25:32,61.95,159.2333,12.7,77,100,10.29,overcast clouds,0.0,0.0
192,Bandhi,PK,2022-04-01 17:25:32,26.5861,68.3006,80.47,5,0,6.98,clear sky,0.0,0.0
193,Meaford,CA,2022-04-01 17:24:00,44.6001,-80.583,32.32,86,100,17.96,light snow,0.0,0.0
194,Zhanaozen,KZ,2022-04-01 17:24:03,43.3,52.8,58.91,35,0,3.51,clear sky,0.0,0.0
195,Bakchar,RU,2022-04-01 17:25:33,57.0186,82.0711,32.13,99,100,4.38,snow,0.0,0.0
196,Safaga,EG,2022-04-01 17:25:33,26.7292,33.9365,78.78,37,71,2.82,broken clouds,0.0,0.0
197,Rawson,AR,2022-04-01 17:20:55,-43.3002,-65.1023,76.82,17,81,18.25,broken clouds,0.0,0.0
198,Ginir,ET,2022-04-01 17:25:34,7.1333,40.7,62.15,61,14,2.59,few clouds,0.0,0.0
199,Porciuncula,BR,2022-04-01 17:25:34,-20.9628,-42.0408,83.39,65,72,3.53,light rain,0.0,0.0
200,Emerald,AU,2022-04-01 17:25:35,-23.5333,148.1667,70.34,88,6,6.91,clear sky,0.0,0.0
201,Bethel,US,2022-04-01 17:25:35,41.3712,-73.414,55.02,72,100,12.66,overcast clouds,0.0,0.0
202,Salalah,OM,2022-04-01 17:23:13,17.0151,54.0924,82.49,65,0,2.3,clear sky,0.0,0.0
203,Vila,PT,2022-04-01 17:21:32,42.0304,-8.1588,42.69,52,79,9.62,broken clouds,0.0,0.0
204,Santiago Del Estero,AR,2022-04-01 17:25:36,-27.7951,-64.2615,72.48,23,0,8.68,clear sky,0.0,0.0
205,Ixtapa,MX,2022-04-01 17:25:37,20.7,-105.2,72.63,64,75,6.91,broken clouds,0.0,0.0
206,Ketchikan,US,2022-04-01 17:25:37,55.3422,-131.6461,39.67,87,100,6.91,mist,0.0,0.0
207,Broken Hill,AU,2022-04-01 17:25:38,-31.95,141.4333,53.31,54,0,10.36,clear sky,0.0,0.0
208,Denpasar,ID,2022-04-01 17:23:02,-8.65,115.2167,74.86,100,75,3.44,light rain,0.0,0.0
209,Kurilsk,RU,2022-04-01 17:25:39,45.2333,147.8833,26.24,71,20,5.5,few clouds,0.0,0.0
210,Port Lincoln,AU,2022-04-01 17:25:40,-34.7333,135.8667,61.45,77,0,18.92,clear sky,0.0,0.0
211,Thompson,CA,2022-04-01 17:25:41,55.7435,-97.8558,17.76,73,100,14.97,overcast clouds,0.0,0.0
212,Surt,LY,2022-04-01 17:25:41,31.2089,16.5887,72.16,33,4,4.23,clear sky,0.0,0.0
213,San Cristobal,VE,2022-04-01 17:25:42,7.7669,-72.225,82.58,39,91,8.48,overcast clouds,0.0,0.0
214,Longyearbyen,SJ,2022-04-01 17:23:25,78.2186,15.6401,3.04,55,20,8.05,few clouds,0.0,0.0
215,Hirado,JP,2022-04-01 17:25:42,33.3597,129.5531,50.4,62,92,19.24,overcast clouds,0.0,0.0
216,Pa Sang,TH,2022-04-01 17:25:43,18.5262,98.9394,84.4,60,28,2.55,scattered clouds,0.0,0.0
217,Pisco,PE,2022-04-01 17:25:00,-13.7,-76.2167,72.01,73,90,8.05,haze,0.0,0.0
218,Mumford,GH,2022-04-01 17:25:44,5.2618,-0.759,83.52,79,100,15.7,overcast clouds,0.0,0.0
219,Nuuk,GL,2022-04-01 17:25:44,64.1835,-51.7216,34.41,80,75,9.22,broken clouds,0.0,0.0
220,Esperance,AU,2022-04-01 17:25:44,-33.8667,121.9,62.44,72,4,15.9,clear sky,0.0,0.0
221,Ossora,RU,2022-04-01 17:25:45,59.2353,163.0719,15.58,95,100,4.68,light snow,0.0,0.0
222,Guipavas,FR,2022-04-01 17:25:46,48.4352,-4.3972,46.45,53,75,17.27,broken clouds,0.0,0.0
223,Alexandria,EG,2022-04-01 17:22:53,31.2156,29.9553,77.54,60,100,4.61,overcast clouds,0.0,0.0
224,Fort Nelson,CA,2022-04-01 17:25:46,58.8053,-122.7002,8.19,72,100,8.05,light snow,0.0,0.0
225,Vardo,NO,2022-04-01 17:25:47,70.3705,31.1107,29.61,65,100,21.03,overcast clouds,0.0,0.0
226,Abu Dhabi,AE,2022-04-01 17:22:19,24.4667,54.3667,77.11,64,0,3.44,clear sky,0.0,0.0
227,Rajapur,IN,2022-04-01 17:25:48,25.3833,81.15,88.34,10,0,4.45,clear sky,0.0,0.0
228,The Valley,AI,2022-04-01 17:25:48,18.217,-63.0578,82.54,61,20,20.71,few clouds,0.0,0.0
229,Klaksvik,FO,2022-04-01 17:25:49,62.2266,-6.589,36.52,70,87,21.25,overcast clouds,0.0,0.0
230,Ahuimanu,US,2022-04-01 17:25:50,21.4447,-157.8378,75.36,75,40,11.5,scattered clouds,0.0,0.0
231,Nabire,ID,2022-04-01 17:25:50,-3.3667,135.4833,75.85,84,100,4.52,overcast clouds,0.0,0.0
232,Ibirataia,BR,2022-04-01 17:25:51,-14.0669,-39.6406,91.51,39,45,7.9,scattered clouds,0.0,0.0
233,Lagoa,PT,2022-04-01 17:25:51,39.05,-27.9833,59.2,94,100,25.37,overcast clouds,0.0,0.0
234,Manado,ID,2022-04-01 17:25:52,1.487,124.8455,75.97,94,20,1.14,few clouds,0.0,0.0
235,Tateyama,JP,2022-04-01 17:25:52,34.9833,139.8667,45.1,57,92,8.81,overcast clouds,0.0,0.0
236,Torbay,CA,2022-04-01 17:25:53,47.6666,-52.7314,41.88,78,75,11.5,broken clouds,0.0,0.0
237,Deputatskiy,RU,2022-04-01 17:25:53,69.3,139.9,-18.27,98,55,2.42,broken clouds,0.0,0.0
238,Raudeberg,NO,2022-04-01 17:25:53,61.9875,5.1352,40.96,72,15,12.71,few clouds,0.0,0.0
239,Los Llanos De Aridane,ES,2022-04-01 17:25:54,28.6585,-17.9182,64.13,78,75,5.75,broken clouds,0.0,0.0
240,Aquiraz,BR,2022-04-01 17:25:54,-3.9014,-38.3911,84.29,75,63,3.51,broken clouds,0.0,0.0
241,Salinas,US,2022-04-01 17:21:43,36.6777,-121.6555,58.8,79,20,0.0,few clouds,0.0,0.0
242,Tela,HN,2022-04-01 17:25:55,15.7833,-87.45,87.75,66,0,6.91,clear sky,0.0,0.0
243,Labelle,US,2022-04-01 17:21:58,26.7617,-81.4384,85.23,52,97,13.53,overcast clouds,0.0,0.0
244,Embonas,GR,2022-04-01 17:25:56,36.2269,27.8564,61.83,70,68,14.97,broken clouds,0.0,0.0
245,Jvari,GE,2022-04-01 17:25:56,42.7169,42.052,59.86,60,92,8.81,overcast clouds,0.0,0.0
246,Poum,NC,2022-04-01 17:25:57,-20.2333,164.0167,80.53,83,100,7.58,overcast clouds,0.0,0.0
247,Deloraine,AU,2022-04-01 17:25:57,-41.5333,146.6667,53.15,83,95,4.16,overcast clouds,0.0,0.0
248,Sao Desiderio,BR,2022-04-01 17:25:58,-12.3633,-44.9733,95.23,26,15,4.52,few clouds,0.0,0.0
249,Cassilandia,BR,2022-04-01 17:25:58,-19.1133,-51.7342,75.52,79,100,4.83,overcast clouds,0.0,0.0
250,Flinders,AU,2022-04-01 17:25:59,-34.5833,150.8552,59.25,85,100,13.0,light rain,0.0,0.0
251,Quatre Cocos,MU,2022-04-01 17:26:00,-20.2078,57.7625,77.11,94,100,18.07,moderate rain,0.0,0.0
252,Lebu,CL,2022-04-01 17:24:20,-37.6167,-73.65,60.33,76,0,15.86,clear sky,0.0,0.0
253,Menongue,AO,2022-04-01 17:26:01,-14.6585,17.691,67.57,88,63,4.29,moderate rain,0.0,0.0
254,Galesong,ID,2022-04-01 17:26:02,-5.3166,119.3661,75.22,83,61,7.38,broken clouds,0.0,0.0
255,Sharlyk,RU,2022-04-01 17:26:02,52.9167,54.75,37.17,100,100,5.61,overcast clouds,0.0,0.0
256,Bjornevatn,NO,2022-04-01 17:26:03,69.6672,29.9847,26.22,58,0,16.11,clear sky,0.0,0.0
257,Pochutla,MX,2022-04-01 17:26:04,15.7432,-96.4661,87.82,28,53,7.7,broken clouds,0.0,0.0
258,Lafiagi,NG,2022-04-01 17:26:04,8.8667,5.4167,105.15,16,17,4.0,few clouds,0.0,0.0
259,Januaria,BR,2022-04-01 17:23:40,-15.4833,-44.3667,96.89,19,0,5.44,clear sky,0.0,0.0
260,Clyde River,CA,2022-04-01 17:26:04,70.4692,-68.5914,12.43,79,75,3.44,broken clouds,0.0,0.0
261,Comodoro Rivadavia,AR,2022-04-01 17:26:05,-45.8667,-67.5,75.06,27,0,19.57,clear sky,0.0,0.0
262,Te Anau,NZ,2022-04-01 17:26:05,-45.4167,167.7167,46.15,93,41,0.51,scattered clouds,0.0,0.0
263,San Antonio,US,2022-04-01 17:25:19,29.4241,-98.4936,78.06,32,0,18.41,clear sky,0.0,0.0
264,Ascension,US,2022-04-01 17:23:49,30.2169,-90.9001,72.1,46,0,6.91,clear sky,0.0,0.0
265,Impfondo,CG,2022-04-01 17:26:06,1.6381,18.0667,73.33,90,91,0.76,overcast clouds,0.0,0.0
266,Nelson Bay,AU,2022-04-01 17:26:06,-32.7167,152.15,62.1,74,100,20.51,overcast clouds,0.0,0.0
267,Bukachacha,RU,2022-04-01 17:26:06,52.9833,116.9167,18.86,94,64,1.57,broken clouds,0.0,0.0
268,East London,ZA,2022-04-01 17:26:07,-33.0153,27.9116,63.54,100,100,4.61,light rain,0.0,0.0
269,Rio Gallegos,AR,2022-04-01 17:21:40,-51.6226,-69.2181,59.05,29,75,14.97,broken clouds,0.0,0.0
270,Nizhniy Kuranakh,RU,2022-04-01 17:26:07,58.8353,125.4869,28.22,90,100,8.46,overcast clouds,0.0,0.0
271,Beringovskiy,RU,2022-04-01 17:26:07,63.05,179.3167,27.1,97,100,9.04,light snow,0.0,0.0
272,Moerai,PF,2022-04-01 17:26:08,-22.4333,-151.3333,80.26,68,62,17.47,broken clouds,0.0,0.0
273,Kruisfontein,ZA,2022-04-01 17:22:49,-34.0033,24.7314,63.88,73,93,5.93,overcast clouds,0.0,0.0
274,Yatou,CN,2022-04-01 17:26:08,37.15,122.3833,36.73,39,1,4.56,clear sky,0.0,0.0
275,Harper,LR,2022-04-01 17:26:09,4.375,-7.7169,83.95,76,55,9.31,light rain,0.0,0.0
276,Gravdal,NO,2022-04-01 17:26:09,68.1214,13.5031,33.69,86,100,9.22,light shower snow,0.0,0.0
277,Aasiaat,GL,2022-04-01 17:26:10,68.7098,-52.8699,19.8,92,82,8.61,broken clouds,0.0,0.0
278,Gainesville,US,2022-04-01 17:26:10,29.6516,-82.3248,78.03,62,0,3.44,clear sky,0.0,0.0
279,Hazorasp,UZ,2022-04-01 17:26:10,41.3194,61.0742,58.84,19,76,7.07,broken clouds,0.0,0.0
280,Sandakan,MY,2022-04-01 17:26:11,5.8402,118.1179,80.28,89,20,3.44,few clouds,0.0,0.0
281,Meulaboh,ID,2022-04-01 17:26:11,4.1363,96.1285,80.06,76,100,0.92,overcast clouds,0.0,0.0
282,Anicuns,BR,2022-04-01 17:26:12,-16.4611,-49.9617,85.6,48,13,3.89,few clouds,0.0,0.0
283,Zhiryatino,RU,2022-04-01 17:26:12,53.2228,33.7306,34.12,98,100,15.32,overcast clouds,0.0,0.0
284,Bereda,ES,2022-04-01 17:26:12,43.2686,-7.5406,44.58,70,93,6.08,overcast clouds,0.0,0.0
285,Komsomolskiy,UZ,2022-04-01 17:24:11,40.4272,71.7189,59.72,41,0,4.61,clear sky,0.0,0.0
286,Okha,RU,2022-04-01 17:26:13,53.5739,142.9478,-0.45,99,30,7.61,scattered clouds,0.0,0.0
287,Kalaleh,IR,2022-04-01 17:26:13,37.3807,55.4916,60.4,63,0,4.61,clear sky,0.0,0.0
288,Popondetta,PG,2022-04-01 17:26:14,-8.7537,148.2534,73.35,95,100,2.93,overcast clouds,0.0,0.0
289,Varenikovskaya,RU,2022-04-01 17:26:14,45.1209,37.6417,62.92,28,98,22.03,overcast clouds,0.0,0.0
290,Leningradskiy,RU,2022-04-01 17:26:15,69.3833,178.4167,-9.18,100,100,0.58,overcast clouds,0.0,0.0
291,Kjollefjord,NO,2022-04-01 17:26:16,70.9457,27.3465,28.45,86,100,9.24,overcast clouds,0.0,0.0
292,Mananara,MG,2022-04-01 17:26:16,-16.1667,49.7667,73.27,93,95,4.81,light rain,0.0,0.0
293,Barguzin,RU,2022-04-01 17:26:17,53.6167,109.6167,25.86,81,97,1.88,overcast clouds,0.0,0.0
294,Sunbury,AU,2022-04-01 17:26:17,-37.5833,144.7333,57.63,82,75,11.5,broken clouds,0.0,0.0
295,Thabazimbi,ZA,2022-04-01 17:26:18,-24.5917,27.4116,71.2,35,10,3.51,clear sky,0.0,0.0
296,Qaqortoq,GL,2022-04-01 17:26:18,60.7167,-46.0333,46.0,59,75,9.04,broken clouds,0.0,0.0
297,Roma,US,2022-04-01 17:21:22,43.2128,-75.4557,41.72,84,100,17.0,overcast clouds,0.0,0.0
298,Krasnoarmeysk,RU,2022-04-01 17:26:19,51.0239,45.6969,48.69,65,100,16.44,overcast clouds,0.0,0.0
299,Kronach,DE,2022-04-01 17:26:19,50.2396,11.3331,34.56,81,100,12.15,overcast clouds,0.0,0.0
300,Hede,CN,2022-04-01 17:26:20,33.7681,120.2517,37.72,63,100,2.62,overcast clouds,0.0,0.0
301,Jaguaruna,BR,2022-04-01 17:26:21,-28.615,-49.0256,72.25,59,30,7.47,scattered clouds,0.0,0.0
302,Bathsheba,BB,2022-04-01 17:26:21,13.2167,-59.5167,86.61,58,20,21.85,few clouds,0.0,0.0
303,Davenda,RU,2022-04-01 17:26:22,53.5556,119.317,18.5,94,75,2.89,broken clouds,0.0,0.0
304,Waingapu,ID,2022-04-01 17:26:23,-9.6567,120.2641,77.67,85,2,3.74,clear sky,0.0,0.0
305,Maniitsoq,GL,2022-04-01 17:26:24,65.4167,-52.9,32.81,84,8,7.61,clear sky,0.0,0.0
306,Saint Anthony,US,2022-04-01 17:26:25,45.0205,-93.218,43.92,52,0,8.05,clear sky,0.0,0.0
307,Avera,US,2022-04-01 17:26:25,33.194,-82.5271,69.31,36,12,13.85,few clouds,0.0,0.0
308,Celestun,MX,2022-04-01 17:26:26,20.8667,-90.4,85.55,66,13,9.64,few clouds,0.0,0.0
309,Alta Floresta,BR,2022-04-01 17:26:26,-9.8756,-56.0861,91.22,58,40,8.05,scattered clouds,0.0,0.0
310,Sattenapalle,IN,2022-04-01 17:26:27,16.4,80.1833,80.42,78,4,12.12,clear sky,0.0,0.0
311,Samarai,PG,2022-04-01 17:23:13,-10.6167,150.6667,79.74,81,100,16.11,moderate rain,0.0,0.0
312,Arman,RU,2022-04-01 17:26:27,59.7,150.1667,3.02,80,100,7.81,overcast clouds,0.0,0.0
313,Colares,PT,2022-04-01 17:26:27,38.7992,-9.4469,60.48,42,0,24.0,clear sky,0.0,0.0
314,Zhigansk,RU,2022-04-01 17:26:28,66.7697,123.3711,19.11,93,100,19.48,light snow,0.0,0.0
315,Istmina,CO,2022-04-01 17:26:28,5.1605,-76.684,81.0,80,87,1.68,overcast clouds,0.0,0.0
316,Verkhoyansk,RU,2022-04-01 17:26:29,67.5447,133.385,-13.61,100,64,2.15,broken clouds,0.0,0.0
317,Puerto Del Rosario,ES,2022-04-01 17:26:29,28.5004,-13.8627,67.75,64,20,16.11,few clouds,0.0,0.0
318,Petropavlovsk-Kamchatskiy,RU,2022-04-01 17:26:30,53.0452,158.6483,19.99,63,0,6.71,clear sky,0.0,0.0
319,Igbo Ora,NG,2022-04-01 17:26:30,7.4333,3.2833,79.9,78,79,20.31,moderate rain,0.0,0.0
320,Mogadishu,SO,2022-04-01 17:26:31,2.0371,45.3438,82.0,77,66,15.82,broken clouds,0.0,0.0
321,Channel-Port Aux Basques,CA,2022-04-01 17:26:31,47.5702,-59.1367,33.26,97,100,28.95,snow,0.0,0.0
322,Sierra Vista,US,2022-04-01 17:26:32,31.5545,-110.3037,67.84,19,0,8.05,clear sky,0.0,0.0
323,Hurghada,EG,2022-04-01 17:26:33,27.2574,33.8129,78.84,36,0,0.0,clear sky,0.0,0.0
324,Viedma,AR,2022-04-01 17:26:33,-40.8135,-62.9967,72.0,18,100,18.9,overcast clouds,0.0,0.0
325,Teguise,ES,2022-04-01 17:26:33,29.0605,-13.564,66.42,56,20,18.41,few clouds,0.0,0.0
326,Vilhena,BR,2022-04-01 17:26:34,-12.7406,-60.1458,66.42,82,75,10.36,broken clouds,0.0,0.0
327,Kaitangata,NZ,2022-04-01 17:26:34,-46.2817,169.8464,42.46,93,12,5.03,few clouds,0.0,0.0
328,Faanui,PF,2022-04-01 17:26:35,-16.4833,-151.75,81.28,74,100,6.53,light rain,0.0,0.0
329,Faya,SA,2022-04-01 17:26:35,18.3851,42.4509,69.91,27,1,8.41,clear sky,0.0,0.0
330,Conde,BR,2022-04-01 17:22:06,-7.2597,-34.9075,89.06,58,20,13.8,few clouds,0.0,0.0
331,Kulhudhuffushi,MV,2022-04-01 17:26:36,6.6221,73.07,83.28,70,8,4.45,clear sky,0.0,0.0
332,Belfast,GB,2022-04-01 17:23:02,54.5833,-5.9333,44.42,72,20,8.05,few clouds,0.0,0.0
333,Bandarbeyla,SO,2022-04-01 17:26:36,9.4942,50.8122,80.67,76,2,11.25,clear sky,0.0,0.0
334,Labuhan,ID,2022-04-01 17:26:37,-6.8844,112.2051,77.27,88,100,8.48,overcast clouds,0.0,0.0
335,Khasan,RU,2022-04-01 17:26:38,42.4308,130.6434,37.58,54,6,5.1,clear sky,0.0,0.0
336,Atar,MR,2022-04-01 17:26:38,20.5169,-13.0499,95.58,7,0,10.78,clear sky,0.0,0.0
337,Lubyany,RU,2022-04-01 17:26:39,56.0378,51.4,29.59,93,100,8.59,overcast clouds,0.0,0.0
338,Grand Gaube,MU,2022-04-01 17:26:39,-20.0064,57.6608,77.4,90,100,11.99,heavy intensity rain,0.0,0.0
339,Qingdao,CN,2022-04-01 17:22:04,36.0986,120.3719,38.8,65,0,2.24,clear sky,0.0,0.0
340,Hay River,CA,2022-04-01 17:21:41,60.8156,-115.7999,-5.82,65,75,8.05,broken clouds,0.0,0.0
341,Mount Isa,AU,2022-04-01 17:26:40,-20.7333,139.5,74.97,29,3,12.66,light rain,0.0,0.0
342,Acajutla,SV,2022-04-01 17:26:41,13.5928,-89.8275,86.67,54,4,8.5,clear sky,0.0,0.0
343,Diamantino,BR,2022-04-01 17:26:41,-14.4086,-56.4461,65.64,82,100,7.63,overcast clouds,0.0,0.0
344,Goure,NE,2022-04-01 17:22:07,13.9835,10.2704,97.02,5,3,5.68,clear sky,0.0,0.0
345,Karpathos,GR,2022-04-01 17:26:42,35.507,27.2132,62.56,77,0,11.5,clear sky,0.0,0.0
346,Qarchi Gak,AF,2022-04-01 17:26:42,37.04,66.7889,72.07,18,71,10.25,broken clouds,0.0,0.0
347,Beaune,FR,2022-04-01 17:26:43,47.0833,4.75,35.62,85,100,8.37,overcast clouds,0.0,0.0
348,Grindavik,IS,2022-04-01 17:26:43,63.8424,-22.4338,46.87,71,40,9.22,scattered clouds,0.0,0.0
349,Kaseda,JP,2022-04-01 17:26:44,31.4167,130.3167,52.68,58,99,11.01,overcast clouds,0.0,0.0
350,Yar-Sale,RU,2022-04-01 17:26:44,66.8333,70.8333,10.72,92,72,9.98,broken clouds,0.0,0.0
351,Shaoxing,CN,2022-04-01 17:26:45,30.011,120.5715,49.95,79,100,2.35,overcast clouds,0.0,0.0
352,Port Hawkesbury,CA,2022-04-01 17:21:51,45.6169,-61.3485,51.91,100,100,2.3,overcast clouds,0.0,0.0
353,Mata,PT,2022-04-01 17:26:45,40.683,-7.4592,56.93,36,8,7.07,clear sky,0.0,0.0
354,Vila Do Maio,CV,2022-04-01 17:26:46,15.1333,-23.2167,81.39,80,5,16.6,clear sky,0.0,0.0
355,Dobre Miasto,PL,2022-04-01 17:26:46,53.9867,20.3975,35.46,44,100,16.02,overcast clouds,0.0,0.0
356,Cayenne,GF,2022-04-01 17:26:47,4.9333,-52.3333,78.84,1,75,6.91,mist,0.0,0.0
357,Seoul,KR,2022-04-01 17:23:18,37.5683,126.9778,40.44,87,0,0.0,clear sky,0.0,0.0
358,Tahta,EG,2022-04-01 17:26:48,26.7693,31.5021,86.59,6,61,7.49,broken clouds,0.0,0.0
359,Dourbali,TD,2022-04-01 17:26:48,11.8091,15.8632,97.66,6,46,9.82,scattered clouds,0.0,0.0
360,Urumqi,CN,2022-04-01 17:26:49,43.801,87.6005,47.35,37,0,2.24,clear sky,0.0,0.0
361,Lamu,KE,2022-04-01 17:26:50,-2.2717,40.902,84.42,81,21,8.41,few clouds,0.0,0.0
362,Cascais,PT,2022-04-01 17:26:50,38.6979,-9.4215,60.66,43,0,24.0,clear sky,0.0,0.0
363,Half Moon Bay,US,2022-04-01 17:26:51,37.4636,-122.4286,65.1,75,0,3.44,clear sky,0.0,0.0
364,Poronaysk,RU,2022-04-01 17:26:51,49.2167,143.1167,13.23,89,81,5.97,broken clouds,0.0,0.0
365,Sirsi,IN,2022-04-01 17:26:52,14.6167,74.85,72.03,90,37,5.3,scattered clouds,0.0,0.0
366,Lindi,TZ,2022-04-01 17:26:52,-10.0,39.7167,76.05,95,75,2.01,light rain,0.0,0.0
367,Saint-Augustin,CA,2022-04-01 17:26:53,51.226,-58.6502,32.38,99,100,12.95,overcast clouds,0.0,0.0
368,Oytal,KZ,2022-04-01 17:26:53,42.9057,73.2697,53.94,49,95,5.39,overcast clouds,0.0,0.0
369,Keti Bandar,PK,2022-04-01 17:26:54,24.1447,67.4497,80.31,63,0,9.86,clear sky,0.0,0.0
370,Gelibolu,TR,2022-04-01 17:26:54,40.4103,26.6708,67.86,52,0,28.92,clear sky,0.0,0.0
371,Aviles,ES,2022-04-01 17:26:54,43.5547,-5.9248,49.77,56,40,8.99,scattered clouds,0.0,0.0
372,Hasaki,JP,2022-04-01 17:26:55,35.7333,140.8333,32.4,56,98,17.72,overcast clouds,0.0,0.0
373,Inta,RU,2022-04-01 17:26:55,66.0317,60.1659,12.22,93,91,9.84,overcast clouds,0.0,0.0
374,Dongsheng,CN,2022-04-01 17:26:56,39.8161,109.9776,33.22,40,1,8.97,clear sky,0.0,0.0
375,Berlevag,NO,2022-04-01 17:26:56,70.8578,29.0864,28.35,69,75,20.71,broken clouds,0.0,0.0
376,Sadiqabad,PK,2022-04-01 17:26:57,28.3062,70.1307,85.06,5,0,5.75,clear sky,0.0,0.0
377,Boa Vista,BR,2022-04-01 17:25:49,2.8197,-60.6733,91.38,40,40,16.11,scattered clouds,0.0,0.0
378,Havoysund,NO,2022-04-01 17:26:57,70.9963,24.6622,28.63,92,100,15.41,snow,0.0,0.0
379,Kathmandu,NP,2022-04-01 17:23:21,27.7167,85.3167,70.02,83,75,2.3,mist,0.0,0.0
380,Pevek,RU,2022-04-01 17:25:27,69.7008,170.3133,-18.6,99,65,4.72,broken clouds,0.0,0.0
381,Rocha,UY,2022-04-01 17:26:58,-34.4833,-54.3333,66.74,47,59,8.39,broken clouds,0.0,0.0
382,Karratha,AU,2022-04-01 17:26:58,-20.7377,116.8463,84.38,71,65,8.14,broken clouds,0.0,0.0
383,Porkhov,RU,2022-04-01 17:26:59,57.765,29.5561,27.91,78,100,5.08,overcast clouds,0.0,0.0
384,Tanout,NE,2022-04-01 17:24:14,14.9709,8.8879,94.3,3,0,6.64,clear sky,0.0,0.0
385,Cockburn Town,TC,2022-04-01 17:26:27,21.4612,-71.1419,77.9,74,41,19.77,scattered clouds,0.0,0.0
386,Bone,DE,2022-04-01 17:27:00,51.9669,12.1396,44.26,35,100,15.1,overcast clouds,0.0,0.0
387,Mabaruma,GY,2022-04-01 17:27:00,8.2,-59.7833,84.69,56,93,7.56,overcast clouds,0.0,0.0
388,Ostrovnoy,RU,2022-04-01 17:27:01,68.0531,39.5131,15.53,93,96,9.55,overcast clouds,0.0,0.0
389,Saint Paul,US,2022-04-01 17:24:02,44.9444,-93.0933,45.41,53,0,6.91,clear sky,0.0,0.0
390,Dzhebariki-Khaya,RU,2022-04-01 17:27:02,62.2167,135.8,-12.32,100,62,1.86,broken clouds,0.0,0.0
391,Virden,US,2022-04-01 17:27:02,39.5009,-89.7679,41.68,61,8,6.51,clear sky,0.0,0.0
392,Labranzagrande,CO,2022-04-01 17:27:03,5.5622,-72.575,78.89,57,67,5.82,broken clouds,0.0,0.0
393,Imeni Poliny Osipenko,RU,2022-04-01 17:27:03,52.4201,136.4853,2.91,100,92,2.64,overcast clouds,0.0,0.0
394,Tasiilaq,GL,2022-04-01 17:22:37,65.6145,-37.6368,39.36,87,76,2.35,broken clouds,0.0,0.0
395,Daru,PG,2022-04-01 17:27:04,-9.0763,143.2092,76.78,85,100,2.71,overcast clouds,0.0,0.0
396,Srednekolymsk,RU,2022-04-01 17:25:45,67.45,153.6833,-21.6,100,98,3.0,overcast clouds,0.0,0.0
397,Palu,ID,2022-04-01 17:27:04,-0.8917,119.8707,75.97,89,95,2.44,overcast clouds,0.0,0.0
398,Moree,AU,2022-04-01 17:27:05,-29.4667,149.85,53.62,87,22,2.3,few clouds,0.0,0.0
399,Kushiro,JP,2022-04-01 17:26:36,42.975,144.3747,23.18,89,86,4.79,overcast clouds,0.0,0.0
400,Kholm,RU,2022-04-01 17:27:06,59.2667,32.85,23.81,93,88,4.0,overcast clouds,0.0,0.0
401,Yerkoy,TR,2022-04-01 17:27:06,39.6381,34.4672,63.99,30,53,11.54,broken clouds,0.0,0.0
402,Assiniboia,CA,2022-04-01 17:27:07,49.6334,-105.9845,40.82,48,51,21.85,broken clouds,0.0,0.0
403,Lorengau,PG,2022-04-01 17:27:07,-2.0226,147.2712,82.04,79,100,13.67,overcast clouds,0.0,0.0
404,Port Macquarie,AU,2022-04-01 17:27:08,-31.4333,152.9167,55.89,70,76,13.09,broken clouds,0.0,0.0
405,Mossendjo,CG,2022-04-01 17:27:09,-2.9506,12.7261,71.87,98,96,3.13,light rain,0.0,0.0
406,Milagres,BR,2022-04-01 17:27:09,-7.3133,-38.9456,90.37,50,84,2.04,broken clouds,0.0,0.0
407,Poltava,UA,2022-04-01 17:27:10,49.5937,34.5407,59.5,49,80,15.79,broken clouds,0.0,0.0
408,Khanpur,PK,2022-04-01 17:27:11,28.6453,70.6567,85.91,5,0,7.63,clear sky,0.0,0.0
409,Kenai,US,2022-04-01 17:27:11,60.5544,-151.2583,39.02,71,0,18.41,clear sky,0.0,0.0
410,Damghan,IR,2022-04-01 17:27:12,36.1683,54.348,64.78,21,0,3.94,clear sky,0.0,0.0
411,Pyaozerskiy,RU,2022-04-01 17:27:12,65.8333,31.1667,15.49,88,94,3.58,overcast clouds,0.0,0.0
412,Luau,AO,2022-04-01 17:27:13,-10.7073,22.2247,68.27,89,56,2.46,broken clouds,0.0,0.0
413,Nenjiang,CN,2022-04-01 17:27:13,49.1833,125.2167,30.83,71,29,4.81,scattered clouds,0.0,0.0
414,Tuatapere,NZ,2022-04-01 17:27:14,-46.1333,167.6833,44.92,88,5,3.78,clear sky,0.0,0.0
415,Torrington,US,2022-04-01 17:24:34,41.8007,-73.1212,52.34,83,68,3.0,broken clouds,0.0,0.0
416,Nome,US,2022-04-01 17:27:15,64.5011,-165.4064,23.07,74,40,9.22,scattered clouds,0.0,0.0
417,Jiayuguan,CN,2022-04-01 17:27:15,39.8167,98.3,40.32,20,0,6.85,clear sky,0.0,0.0
418,Kaman,IN,2022-04-01 17:27:15,27.65,77.2667,85.77,6,0,7.45,clear sky,0.0,0.0
419,Vila Velha,BR,2022-04-01 17:27:16,-20.3297,-40.2925,84.15,81,20,12.66,few clouds,0.0,0.0
420,Dolores,AR,2022-04-01 17:27:17,-36.3132,-57.6792,66.24,42,0,7.11,clear sky,0.0,0.0
421,Agnibilekrou,CI,2022-04-01 17:27:17,7.1344,-3.2047,82.69,69,92,7.87,moderate rain,0.0,0.0
422,Manta,EC,2022-04-01 17:27:18,-0.95,-80.7333,82.18,78,75,6.91,broken clouds,0.0,0.0
423,Rock Springs,US,2022-04-01 17:27:18,41.5875,-109.2029,45.05,41,0,16.11,clear sky,0.0,0.0
424,Amapa,BR,2022-04-01 17:27:19,1.0,-52.0,75.4,98,100,2.37,heavy intensity rain,0.0,0.0
425,Gimli,CA,2022-04-01 17:27:19,50.6336,-96.9907,37.42,70,23,14.97,few clouds,0.0,0.0
426,Yarkovo,RU,2022-04-01 17:27:20,57.4028,67.0786,23.85,98,100,4.9,overcast clouds,0.0,0.0
427,Atasu,KZ,2022-04-01 17:27:20,48.6814,71.6433,30.94,96,100,3.85,overcast clouds,0.0,0.0
428,Bonthe,SL,2022-04-01 17:27:20,7.5264,-12.505,83.53,73,70,12.3,broken clouds,0.0,0.0
429,Lompoc,US,2022-04-01 17:27:21,34.6391,-120.4579,63.7,80,100,4.0,mist,0.0,0.0
430,Provost,CA,2022-04-01 17:27:21,52.3501,-110.2683,37.85,69,57,11.36,broken clouds,0.0,0.0
431,Promissao,BR,2022-04-01 17:27:22,-21.5367,-49.8581,75.94,69,86,10.13,overcast clouds,0.0,0.0
432,Maceio,BR,2022-04-01 17:25:02,-9.6658,-35.7353,87.24,62,75,11.5,broken clouds,0.0,0.0
433,Alto Araguaia,BR,2022-04-01 17:27:22,-17.3147,-53.2153,73.65,82,98,6.26,overcast clouds,0.0,0.0
434,Makurdi,NG,2022-04-01 17:27:23,7.7411,8.5121,102.81,19,97,2.46,overcast clouds,0.0,0.0
435,Shellbrook,CA,2022-04-01 17:27:23,53.2168,-106.4011,27.63,85,100,17.07,overcast clouds,0.0,0.0
436,Gat,IL,2022-04-01 17:27:24,31.61,34.7642,78.4,100,100,5.41,overcast clouds,0.0,0.0
437,Baghdad,IQ,2022-04-01 17:24:39,33.3406,44.4009,76.91,15,0,9.22,clear sky,0.0,0.0
438,San Jeronimo,PE,2022-04-01 17:27:24,-11.9472,-75.2829,59.14,61,98,3.98,overcast clouds,0.0,0.0
439,Oderzo,IT,2022-04-01 17:27:24,45.7882,12.5019,54.32,90,100,3.98,light rain,0.0,0.0
440,Plettenberg Bay,ZA,2022-04-01 17:27:25,-34.0527,23.3716,62.49,74,76,2.59,broken clouds,0.0,0.0
441,Lumeje,AO,2022-04-01 17:27:25,-11.55,20.7833,72.34,79,100,3.27,light rain,0.0,0.0
442,General Roca,AR,2022-04-01 17:27:26,-39.0333,-67.5833,76.89,13,100,18.07,overcast clouds,0.0,0.0
443,Hauterive,FR,2022-04-01 17:27:27,46.0901,3.4459,38.16,92,91,10.33,overcast clouds,0.0,0.0
444,Belmonte,BR,2022-04-01 17:27:27,-15.8631,-38.8828,84.67,62,1,8.01,clear sky,0.0,0.0
445,Katherine,AU,2022-04-01 17:27:28,-14.4667,132.2667,71.92,64,16,4.61,few clouds,0.0,0.0
446,Tornio,FI,2022-04-01 17:27:29,65.8481,24.1466,24.82,87,82,5.61,broken clouds,0.0,0.0
447,Port Blair,IN,2022-04-01 17:27:30,11.6667,92.75,78.84,89,20,2.3,mist,0.0,0.0
448,Arlit,NE,2022-04-01 17:27:30,18.7369,7.3853,97.11,2,37,4.61,scattered clouds,0.0,0.0
449,Miraflores,MX,2022-04-01 17:27:30,19.2167,-98.8083,78.03,15,25,7.0,scattered clouds,0.0,0.0
450,Aykhal,RU,2022-04-01 17:27:31,66.0,111.5,8.28,93,97,18.25,overcast clouds,0.0,0.0
451,Norrkoping,SE,2022-04-01 17:25:36,58.5942,16.1826,34.38,75,0,5.75,clear sky,0.0,0.0
452,Kupang,ID,2022-04-01 17:27:32,-10.1667,123.5833,76.46,85,7,5.91,clear sky,0.0,0.0
453,Svetlaya,RU,2022-04-01 17:27:32,46.5389,138.3297,23.11,74,6,8.25,clear sky,0.0,0.0
454,Awbari,LY,2022-04-01 17:27:33,26.5921,12.7805,81.99,13,100,5.75,overcast clouds,0.0,0.0
455,Egvekinot,RU,2022-04-01 17:27:33,66.3167,-179.1667,4.66,87,100,12.06,overcast clouds,0.0,0.0
456,Kisangani,CD,2022-04-01 17:27:34,0.5167,25.2,81.34,58,88,4.47,overcast clouds,0.0,0.0
457,Pouebo,NC,2022-04-01 17:27:35,-20.4,164.5667,77.86,88,96,7.72,overcast clouds,0.0,0.0
458,Lingao,CN,2022-04-01 17:27:36,19.9103,109.6859,62.87,94,100,18.03,overcast clouds,0.0,0.0
459,Cidreira,BR,2022-04-01 17:27:36,-30.1811,-50.2056,66.76,57,76,8.46,broken clouds,0.0,0.0
460,Tazovskiy,RU,2022-04-01 17:27:37,67.4667,78.7,6.94,96,100,9.8,overcast clouds,0.0,0.0
461,Pop,UZ,2022-04-01 17:27:37,40.8736,71.1089,63.09,28,0,1.59,clear sky,0.0,0.0
462,Macusani,PE,2022-04-01 17:27:38,-14.0833,-70.4333,45.61,74,98,6.93,overcast clouds,0.0,0.0
463,Totskoye,RU,2022-04-01 17:27:39,52.5248,52.7623,42.33,90,100,8.21,light rain,0.0,0.0
464,Saint George,US,2022-04-01 17:25:19,37.1041,-113.5841,67.62,35,0,5.75,clear sky,0.0,0.0
465,Vallenar,CL,2022-04-01 17:27:39,-28.5708,-70.7581,81.84,30,0,7.34,clear sky,0.0,0.0
466,Saint-Ambroise,CA,2022-04-01 17:27:40,48.5501,-71.3324,39.74,96,100,7.72,overcast clouds,0.0,0.0
467,Abnub,EG,2022-04-01 17:27:40,27.2696,31.1511,89.82,5,87,6.04,overcast clouds,0.0,0.0
468,Kushmurun,KZ,2022-04-01 17:27:41,52.4503,64.6311,32.77,86,90,11.97,overcast clouds,0.0,0.0
469,Arbazh,RU,2022-04-01 17:27:41,57.6804,48.3065,25.88,94,99,3.85,overcast clouds,0.0,0.0
470,Terrace,CA,2022-04-01 17:27:41,54.5163,-128.6035,37.31,100,100,5.75,light rain,0.0,0.0
471,Iqaluit,CA,2022-04-01 17:27:42,63.7506,-68.5145,24.53,92,100,2.3,overcast clouds,0.0,0.0
472,Batala,IN,2022-04-01 17:27:42,31.8186,75.2028,71.38,17,0,6.13,clear sky,0.0,0.0
473,Awjilah,LY,2022-04-01 17:27:43,29.1081,21.2869,80.62,17,100,19.73,overcast clouds,0.0,0.0
474,Muncar,ID,2022-04-01 17:27:43,-8.4333,114.3333,76.51,88,92,3.67,overcast clouds,0.0,0.0
475,Chernyshevskiy,RU,2022-04-01 17:27:44,63.0128,112.4714,1.85,98,100,2.91,overcast clouds,0.0,0.0
476,Warrington,GB,2022-04-01 17:27:44,53.3925,-2.5802,47.12,63,20,14.97,few clouds,0.0,0.0
477,Saiha,IN,2022-04-01 17:27:45,22.4833,92.9667,68.04,95,43,3.11,scattered clouds,0.0,0.0
478,Broome,US,2022-04-01 17:27:45,42.2506,-75.833,44.02,72,100,19.57,overcast clouds,0.0,0.0
479,Beyneu,KZ,2022-04-01 17:27:45,45.3167,55.2,57.56,46,1,2.95,clear sky,0.0,0.0
480,Yenotayevka,RU,2022-04-01 17:27:46,47.2456,47.0281,56.21,43,100,16.93,overcast clouds,0.0,0.0
481,North Myrtle Beach,US,2022-04-01 17:27:47,33.816,-78.68,74.07,32,0,11.5,clear sky,0.0,0.0
482,Vao,NC,2022-04-01 17:27:47,-22.6667,167.4833,79.18,88,15,14.88,few clouds,0.0,0.0
483,Tukums,LV,2022-04-01 17:27:48,56.9669,23.1553,33.15,67,99,11.01,overcast clouds,0.0,0.0
484,Bangassou,CF,2022-04-01 17:27:49,4.7413,22.8184,80.31,51,86,3.49,overcast clouds,0.0,0.0
485,Liepaja,LV,2022-04-01 17:27:49,56.5419,21.0367,35.58,41,0,11.5,clear sky,0.0,0.0
486,Bilma,NE,2022-04-01 17:27:50,18.6853,12.9164,87.76,3,4,3.56,clear sky,0.0,0.0
487,Fuzhou,CN,2022-04-01 17:27:50,26.0614,119.3061,51.69,73,100,3.22,overcast clouds,0.0,0.0
488,Fort-Shevchenko,KZ,2022-04-01 17:27:51,44.5086,50.263,51.53,61,38,9.71,scattered clouds,0.0,0.0
489,Kouango,CF,2022-04-01 17:27:52,4.9934,19.9619,88.07,41,98,3.76,overcast clouds,0.0,0.0
490,Tamiahua,MX,2022-04-01 17:27:52,21.2667,-97.45,79.72,67,100,9.4,overcast clouds,0.0,0.0
491,Alice Springs,AU,2022-04-01 17:27:49,-23.7,133.8833,54.95,41,100,8.05,overcast clouds,0.0,0.0
492,Nochistlan,MX,2022-04-01 17:27:53,21.3667,-102.85,77.27,11,31,10.18,scattered clouds,0.0,0.0
493,Shimoda,JP,2022-04-01 17:27:53,34.6667,138.95,41.11,60,99,5.86,overcast clouds,0.0,0.0
494,Ellisras,ZA,2022-04-01 17:27:54,-23.6649,27.7443,76.86,32,7,3.69,clear sky,0.0,0.0
495,Fayaoue,NC,2022-04-01 17:27:54,-20.65,166.5333,82.04,84,86,12.59,overcast clouds,0.0,0.0
496,Praya,CV,2022-04-01 17:24:59,14.9215,-23.5087,81.14,57,0,6.91,clear sky,0.0,0.0
497,Marfino,RU,2022-04-01 17:27:55,55.7028,37.3822,35.87,51,0,15.66,clear sky,0.0,0.0
498,Mitsamiouli,KM,2022-04-01 17:27:55,-11.3847,43.2844,81.95,72,65,2.73,broken clouds,0.0,0.0
499,Soe,ID,2022-04-01 17:27:57,-9.8607,124.284,63.72,94,5,2.86,clear sky,0.0,0.0
500,Fairbanks,US,2022-04-01 17:27:57,64.8378,-147.7164,12.54,45,0,9.22,clear sky,0.0,0.0
501,Puri,IN,2022-04-01 17:26:20,19.8,85.85,81.12,88,15,23.22,few clouds,0.0,0.0
502,Zaria,NG,2022-04-01 17:27:58,11.1113,7.7227,97.23,5,12,8.03,few clouds,0.0,0.0
503,Gornopravdinsk,RU,2022-04-01 17:27:59,60.05,69.9,21.15,98,100,1.74,light snow,0.0,0.0
504,Lasa,IT,2022-04-01 17:27:59,46.6166,10.7002,42.03,97,100,5.21,overcast clouds,0.0,0.0
505,Freeport,US,2022-04-01 17:26:09,40.6576,-73.5832,58.24,48,100,24.16,overcast clouds,0.0,0.0
506,Wanaka,NZ,2022-04-01 17:28:01,-44.7,169.15,49.96,87,64,3.65,broken clouds,0.0,0.0
507,Mchinji,MW,2022-04-01 17:28:01,-13.7984,32.8802,64.8,95,55,2.57,broken clouds,0.0,0.0
508,Kroya,ID,2022-04-01 17:28:02,-7.6331,109.2461,76.91,88,100,2.89,overcast clouds,0.0,0.0
509,Angoram,PG,2022-04-01 17:28:02,-4.0625,144.0661,73.6,96,100,2.53,overcast clouds,0.0,0.0
510,Altay,CN,2022-04-01 17:28:03,47.8667,88.1167,35.82,38,97,10.07,overcast clouds,0.0,0.0
511,Semnan,IR,2022-04-01 17:28:03,35.5729,53.3971,66.04,16,0,2.3,clear sky,0.0,0.0
512,Gallup,US,2022-04-01 17:28:04,35.5281,-108.7426,54.36,59,0,4.0,clear sky,0.0,0.0
513,Kabalo,CD,2022-04-01 17:28:04,-6.05,26.9167,76.03,83,54,2.91,broken clouds,0.0,0.0
514,Manaure,CO,2022-04-01 17:28:05,11.7751,-72.4445,88.39,50,83,19.26,broken clouds,0.0,0.0
515,Dudinka,RU,2022-04-01 17:28:05,69.4058,86.1778,11.62,95,100,10.42,light snow,0.0,0.0
516,Salinopolis,BR,2022-04-01 17:28:06,-0.6136,-47.3561,76.26,92,98,6.55,overcast clouds,0.0,0.0
517,Verkhnyaya Inta,RU,2022-04-01 17:28:06,65.9811,60.3094,13.08,94,95,9.31,overcast clouds,0.0,0.0
518,Washington,US,2022-04-01 17:23:12,47.5001,-120.5015,46.89,47,100,1.95,overcast clouds,0.0,0.0
519,Huaihua,CN,2022-04-01 17:28:07,27.5494,109.9592,49.64,94,100,3.02,moderate rain,0.0,0.0
520,Mahanje,TZ,2022-04-01 17:28:07,-9.9333,35.3333,65.66,96,75,2.95,light rain,0.0,0.0
521,Manono,CD,2022-04-01 17:28:08,-7.3,27.4167,75.43,78,55,2.17,broken clouds,0.0,0.0
522,Amalapuram,IN,2022-04-01 17:28:09,16.5833,82.0167,78.78,90,0,5.21,clear sky,0.0,0.0
523,Hami,CN,2022-04-01 17:28:09,42.8,93.45,53.31,19,4,6.96,clear sky,0.0,0.0
524,Morgan City,US,2022-04-01 17:28:10,29.6994,-91.2068,75.0,43,0,6.91,clear sky,0.0,0.0
525,Tayoltita,MX,2022-04-01 17:28:11,24.0833,-105.9333,79.99,15,1,6.42,clear sky,0.0,0.0
526,Chongwe,ZM,2022-04-01 17:28:11,-15.3292,28.682,65.75,93,36,4.29,scattered clouds,0.0,0.0
527,Bogande,BF,2022-04-01 17:28:12,12.9714,-0.1436,102.92,7,100,0.4,overcast clouds,0.0,0.0
528,Jasper,US,2022-04-01 17:28:13,37.2001,-94.3502,56.89,39,20,3.44,few clouds,0.0,0.0
529,Portland,US,2022-04-01 17:25:46,45.5234,-122.6762,51.39,77,75,3.0,broken clouds,0.0,0.0
530,Sambava,MG,2022-04-01 17:28:13,-14.2667,50.1667,76.26,89,88,13.06,light rain,0.0,0.0
531,Senigallia,IT,2022-04-01 17:28:14,43.7093,13.2167,57.69,65,75,3.0,broken clouds,0.0,0.0
532,Jaguariaiva,BR,2022-04-01 17:28:14,-24.2511,-49.7058,57.52,96,100,8.16,overcast clouds,0.0,0.0
533,Ozu,JP,2022-04-01 17:28:15,33.5,132.55,43.18,70,97,7.29,overcast clouds,0.0,0.0
534,Whitehorse,CA,2022-04-01 17:28:16,60.7161,-135.0538,20.1,78,100,5.01,light snow,0.0,0.0
535,Jalu,LY,2022-04-01 17:28:16,29.0331,21.5482,82.71,17,100,14.99,overcast clouds,0.0,0.0
536,Mangaratiba,BR,2022-04-01 17:28:17,-22.9597,-44.0406,76.06,97,100,6.67,light rain,0.0,0.0
537,Platanos,GR,2022-04-01 17:28:19,37.6667,21.6167,61.09,89,6,8.03,clear sky,0.0,0.0
538,Pokhara,NP,2022-04-01 17:24:16,28.2333,83.9833,73.27,57,80,4.25,broken clouds,0.0,0.0
539,Nizhniy Tsasuchey,RU,2022-04-01 17:28:19,50.5167,115.1333,31.1,71,9,7.56,clear sky,0.0,0.0
540,Iaciara,BR,2022-04-01 17:28:19,-14.0958,-46.6317,94.78,25,7,1.28,clear sky,0.0,0.0
541,Sahuaripa,MX,2022-04-01 17:28:20,29.05,-109.2333,77.86,18,0,2.39,clear sky,0.0,0.0
542,Alofi,NU,2022-04-01 17:28:20,-19.0595,-169.9187,73.29,94,98,2.3,overcast clouds,0.0,0.0
543,Kodinsk,RU,2022-04-01 17:28:21,58.6881,99.1844,26.08,86,100,8.21,light snow,0.0,0.0
544,Richards Bay,ZA,2022-04-01 17:28:21,-28.783,32.0377,73.0,89,58,7.4,light rain,0.0,0.0
545,Honiara,SB,2022-04-01 17:28:22,-9.4333,159.95,74.03,91,100,6.08,overcast clouds,0.0,0.0
